{"train/learning_rate":3.6363636363636364e-05,"train/entropy":2.8226375579833984,"train_steps_per_second":0.016,"train/mean_token_accuracy":0.4713982939720154,"train/global_step":11,"total_flos":3.5890399899648e+13,"train/num_tokens":43919,"train_runtime":669.1929,"_step":1,"train/epoch":1,"_timestamp":1.7565226735334995e+09,"train_samples_per_second":0.245,"_wandb":{"runtime":91},"train/loss":2.593,"train_loss":2.6372287273406982,"_runtime":91,"train/grad_norm":0.5772011876106262}