{"train/loss":1.061,"total_flos":9.09468767158272e+14,"train_samples_per_second":15.704,"train/num_tokens":108126,"_wandb":{"runtime":37},"train/entropy":1.1095260447925992,"_step":3,"_runtime":37,"train/mean_token_accuracy":0.7376724481582642,"_timestamp":1.7565266655331125e+09,"train/learning_rate":2.4242424242424244e-05,"train/epoch":3,"train_steps_per_second":1.053,"train/grad_norm":0.5044999718666077,"train/global_step":33,"train_loss":1.289463404453162,"train_runtime":31.33}