{"_wandb":{"runtime":59},"_runtime":59,"train_steps_per_second":1.045,"train/grad_norm":0.5415314435958862,"_timestamp":1.7565289727031224e+09,"train/mean_token_accuracy":0.7365466422504849,"train/global_step":33,"total_flos":9.09468767158272e+14,"_step":3,"train_samples_per_second":15.574,"train/num_tokens":108126,"train_loss":1.2923519250118372,"train/epoch":3,"train/learning_rate":2.4242424242424244e-05,"train_runtime":31.5906,"train/loss":1.066,"train/entropy":1.1134538186921015}