{"_timestamp":1.7565305672493854e+09,"train/learning_rate":0.00014727272727272728,"train/num_tokens":100488,"train/global_step":30,"_wandb":{"runtime":171},"train/mean_token_accuracy":0.7624283916241413,"train/loss":1.0268,"train/grad_norm":0.5845163464546204,"_runtime":171,"train/entropy":1.0108364288871352,"train/epoch":2.7804878048780486,"_step":2}