{"train_samples_per_second":8.315,"train_steps_per_second":0.566,"train/loss":0.059,"train/global_step":200,"_runtime":481,"train_loss":0.5059070000052452,"train/learning_rate":1.0000000000000002e-06,"_timestamp":1.7565315124124846e+09,"train/num_tokens":649260,"train_runtime":353.5583,"_wandb":{"runtime":481},"train/grad_norm":1.6415364742279053,"train/mean_token_accuracy":0.9869757697388932,"_step":20,"total_flos":5.496183138484224e+15,"train/epoch":20,"train/entropy":0.12756842797672427}