{"train/grad_norm":3.6457037925720215,"train_steps_per_second":1.107,"train_loss":0.941624268618497,"train/num_tokens":360420,"train/epoch":10,"_timestamp":1.7565291649834144e+09,"_wandb":{"runtime":109},"_runtime":109,"train/mean_token_accuracy":0.848200569281707,"train/loss":0.6235,"train/learning_rate":1.818181818181818e-06,"total_flos":3.042548408696832e+15,"train_runtime":99.3442,"train_samples_per_second":16.508,"train/entropy":0.7304770769299688,"train/global_step":110,"_step":11}