{"train/global_step":11,"train/loss":1.6885,"train/entropy":1.5701488256454468,"train/learning_rate":3.6363636363636364e-05,"_wandb":{"runtime":194},"_runtime":194,"train_samples_per_second":14.959,"_timestamp":1.7565247428735e+09,"train_steps_per_second":1.003,"train/mean_token_accuracy":0.6817042827606201,"total_flos":3.06719022956544e+14,"train_loss":1.675019708546725,"train_runtime":10.9631,"train/grad_norm":0.6864086985588074,"_step":1,"train/num_tokens":36042,"train/epoch":1}